network_method	network_db	network_cutoff	experiment_info	module	significant	p_value	term_size	query_size	intersection_size	precision	recall	term_id	source	term_name	effective_domain_size	source_order	parents	perc_rank	cumelative_dist	P	N	tp	fp	fn	tn	tot_pop_valid	MCC	pval_rank	go_slim_pir	genes
R1	string	0.7	network_modules	66	TRUE	5.627745711217318e-6	13	6	3	0.5	0.23076923076923078	REAC:R-HSA-432047	REAC	Passive transport by Aquaporins	10916	1718		0	0.125	13	10903	3	3	10	10900	10916	0.33916923495392937	1	GO:0042044	ENSG00000026103;ENSG00000167580;ENSG00000171885;ENSG00000161798;ENSG00000136161;ENSG00000180198;ENSG00000133048
R1	string	0.7	network_modules	66	TRUE	2.643908111323559e-5	20	6	3	0.5	0.15	GO:0006833	GO:BP	water transport	16175	2504		0.14285714285714285	0.25	20	16155	3	3	17	16152	16175	0.27340379576328244	2	GO:0042044	ENSG00000026103;ENSG00000167580;ENSG00000171885;ENSG00000161798;ENSG00000136161;ENSG00000180198;ENSG00000133048
R1	string	0.7	network_modules	160	TRUE	4.8260031075254454e-8	64	15	6	0.4	0.09375	REAC:R-HSA-211897	REAC	Cytochrome P450 - arranged by substrate type	10916	423		0	0.125	64	10852	6	9	58	10843	10916	0.19150422727390334	1	GO:0006629;GO:0006082	ENSG00000183813;ENSG00000100448;ENSG00000103811;ENSG00000163131;ENSG00000278057;ENSG00000008283;ENSG00000051523;ENSG00000165168;ENSG00000179091;ENSG00000255974;ENSG00000138109;ENSG00000197446;ENSG00000167910;ENSG00000180432;ENSG00000140459;ENSG00000102755;ENSG00000256269;ENSG00000260027
R1	string	0.7	network_modules	160	TRUE	8.952025078695813e-7	103	15	6	0.4	0.05825242718446602	REAC:R-HSA-211945	REAC	Phase I - Functionalization of compounds	10916	1737		0.14285714285714285	0.25	103	10813	6	9	97	10804	10916	0.14985692841765721	2	GO:0006629;GO:0006082	ENSG00000183813;ENSG00000100448;ENSG00000103811;ENSG00000163131;ENSG00000278057;ENSG00000008283;ENSG00000051523;ENSG00000165168;ENSG00000179091;ENSG00000255974;ENSG00000138109;ENSG00000197446;ENSG00000167910;ENSG00000180432;ENSG00000140459;ENSG00000102755;ENSG00000256269;ENSG00000260027
R1	string	0.7	network_modules	272	TRUE	0.0023095051353972064	34	3	2	0.6666666666666666	0.058823529411764705	KEGG:05330	KEGG	Allograft rejection	8484	486		0	0.3333333333333333	34	8450	2	1	32	8449	8484	0.19726958185952417	1	NA	ENSG00000169710;ENSG00000109471;ENSG00000168811;ENSG00000205420
