network_method	network_db	network_cutoff	experiment_info	module	significant	p_value	term_size	query_size	intersection_size	precision	recall	term_id	source	term_name	effective_domain_size	source_order	parents	perc_rank	cumelative_dist	P	N	tp	fp	fn	tn	tot_pop_valid	MCC	pval_rank	go_slim_pir	genes
R1	string	0.2	network_modules	11	TRUE	9.88560555320085e-4	3	12	2	0.16666666666666666	0.6666666666666666	REAC:R-HSA-8941333	REAC	RUNX2 regulates genes involved in differentiation of myeloid cells	10916	1929		0	0.1111111111111111	3	10913	2	10	1	10903	10916	0.3330125109557372	1	NA	ENSG00000124557;ENSG00000198668;ENSG00000159216;ENSG00000067955;ENSG00000062038;ENSG00000213923;ENSG00000167996;ENSG00000068971;ENSG00000084093;ENSG00000104419;ENSG00000130204;ENSG00000135316;ENSG00000162227
R1	string	0.2	network_modules	11	TRUE	0.003291177469690408	5	12	2	0.16666666666666666	0.4	REAC:R-HSA-8935964	REAC	RUNX1 regulates expression of components of tight junctions	10916	1918		0.125	0.3333333333333333	5	10911	2	10	3	10901	10916	0.2576899618144285	2.5	NA	ENSG00000124557;ENSG00000198668;ENSG00000159216;ENSG00000067955;ENSG00000062038;ENSG00000213923;ENSG00000167996;ENSG00000068971;ENSG00000084093;ENSG00000104419;ENSG00000130204;ENSG00000135316;ENSG00000162227
R1	string	0.2	network_modules	11	TRUE	0.003291177469690408	5	12	2	0.16666666666666666	0.4	REAC:R-HSA-8939247	REAC	RUNX1 regulates transcription of genes involved in interleukin signaling	10916	1925		0.125	0.3333333333333333	5	10911	2	10	3	10901	10916	0.2576899618144285	2.5	NA	ENSG00000124557;ENSG00000198668;ENSG00000159216;ENSG00000067955;ENSG00000062038;ENSG00000213923;ENSG00000167996;ENSG00000068971;ENSG00000084093;ENSG00000104419;ENSG00000130204;ENSG00000135316;ENSG00000162227
