network_method	network_db	network_cutoff	experiment_info	func_module_number	significant	p_value	term_size	query_size	intersection_size	precision	recall	term_id	source	term_name	effective_domain_size	source_order	parents	perc_rank	cumelative_dist	P	N	tp	fp	fn	tn	tot_pop_valid	MCC
R1	string	0.9	network_modules	27	TRUE	0.0012149705167823742	17	4	2	0.5	0.11764705882352941	KEGG:00910	KEGG	Nitrogen metabolism	8484	139		NA	1	17	8467	2	2	15	8465	8484	0.24186305948401748
R1	string	0.9	network_modules	27	TRUE	0.005936674963975641	21	4	2	0.5	0.09523809523809523	GO:0045933	GO:BP	positive regulation of muscle contraction	16175	11727		0	0.5	21	16154	2	2	19	16152	16175	0.21781962629720591
R1	string	0.9	network_modules	27	TRUE	0.00786397303397266	42	3	2	0.6666666666666666	0.047619047619047616	REAC:R-HSA-419037	REAC	NCAM1 interactions	10916	1512		NA	1	42	10874	2	1	40	10873	10916	0.17751202739698496
R1	string	0.9	network_modules	27	TRUE	0.009917817065442654	27	4	2	0.5	0.07407407407407407	GO:0006730	GO:BP	one-carbon metabolic process	16175	2434		1	1	27	16148	2	2	25	16146	16175	0.19199162611275264
